{
  "sphere": {
    "center": [
      159.1197052001953,
      159.12026977539062,
      128.66456604003906
    ],
    "radius": 12.301607131958008,
    "volume": 7797.83740234375
  },
  "hull_volume": 3928.925938681247,
  "conservative_volume": 7797.83740234375
}