{
  "molecule_name": "metformin",
  "smiles": "CN(C)C(=N)NC(=N)N",
  "properties": {
    "mw": 129.16699999999997,
    "n_atoms": 20,
    "n_rotatable_bonds": 2
  },
  "conformers": [
    {
      "id": 0,
      "coords": [
        [
          -2.4343781843140917,
          -0.7873020695599576,
          -0.8876686033903547
        ],
        [
          -1.0470831714708968,
          -0.30689223209668265,
          -0.868138507835195
        ],
        [
          -0.8279710423192964,
          0.8148658365983564,
          -1.786412081113376
        ],
        [
          -0.3993997470747845,
          -0.3149696627646144,
          0.35173957390552796
        ],
        [
          -1.0249404057563807,
          -0.5368493485747335,
          1.4627096440190654
        ],
        [
          0.9475146084214244,
          -0.1255815164679611,
          0.2779974323255181
        ],
        [
          1.8901052381056347,
          0.28790685510758957,
          1.1560307002485724
        ],
        [
          1.703069385062895,
          0.9422195094930297,
          2.2475592053855458
        ],
        [
          3.154914216493534,
          -0.026441337483125847,
          0.7953529814845814
        ],
        [
          -3.103593538305435,
          -0.06724807120079722,
          -0.40431967341300795
        ],
        [
          -2.7752193739916193,
          -0.9404077046571363,
          -1.9174137802024316
        ],
        [
          -2.5194621500417314,
          -1.7533080021621286,
          -0.3777955300017217
        ],
        [
          -1.255308577299533,
          1.7347634180558953,
          -1.3730983851464935
        ],
        [
          -1.297125144089472,
          0.6202925000623506,
          -2.7570144882649736
        ],
        [
          0.23652318097364602,
          0.9811956246283265,
          -1.9783770271510115
        ],
        [
          -0.3343813964532622,
          -0.5741741335088582,
          2.219410106519166
        ],
        [
          1.31969036474951,
          -0.3413103706268608,
          -0.6341720208034448
        ],
        [
          0.7013450436534969,
          1.15615674835062,
          2.328211154974167
        ],
        [
          3.7837063668710864,
          0.24949107906096823,
          1.546937235412746
        ],
        [
          3.281994326782988,
          -1.0124071222686426,
          0.5984620630813572
        ]
      ],
      "energy": -199.05457769447878
    },
    {
      "id": 2,
      "coords": [
        [
          -1.7380547240098485,
          -0.2902895280835761,
          -1.332623199567666
        ],
        [
          -1.418328046444272,
          -0.33330116990401587,
          0.09606067811225463
        ],
        [
          -2.605372707119878,
          -0.14437858413431584,
          0.9398220511613815
        ],
        [
          -0.25506474734951085,
          0.27742929876731365,
          0.5280944470407387
        ],
        [
          -0.2527158527176425,
          1.2057631415523848,
          1.4293038457165226
        ],
        [
          0.8782995511738033,
          -0.20723623806758643,
          -0.06014310742066619
        ],
        [
          2.1931069581728657,
          0.09138575011799387,
          0.10895825402679543
        ],
        [
          2.639918018146391,
          0.9892670339323534,
          0.9161390062945912
        ],
        [
          3.0193352902133914,
          -0.6523685857354447,
          -0.666561644670221
        ],
        [
          -0.9055545258488181,
          -0.6540730423894695,
          -1.9432803705778423
        ],
        [
          -1.974274797450034,
          0.7334939273029241,
          -1.6423395318836005
        ],
        [
          -2.5997189033470733,
          -0.9286940171420314,
          -1.555979632147472
        ],
        [
          -2.3764629046636183,
          -0.36717266461799986,
          1.9878780117361377
        ],
        [
          -2.980712796546474,
          0.8821907917345162,
          0.8659316786582036
        ],
        [
          -3.404894812515684,
          -0.8284007445577363,
          0.635071386592946
        ],
        [
          0.7457406653678083,
          1.4576151016599903,
          1.5608489202979603
        ],
        [
          0.7187873062113241,
          -1.1179783078330376,
          -0.4592653210475875
        ],
        [
          3.6596420968599177,
          1.0143683689499863,
          0.891815746331486
        ],
        [
          3.9783427135958793,
          -0.32673981298368737,
          -0.6903145507646072
        ],
        [
          2.677982218271612,
          -0.8008807185686041,
          -1.6094166678892818
        ]
      ],
      "energy": -196.4813525101685
    },
    {
      "id": 4,
      "coords": [
        [
          -1.4717818049483833,
          -1.4244870121180786,
          0.24555362641864437
        ],
        [
          -1.369870968498988,
          -0.1196356103416227,
          -0.4098138719617943
        ],
        [
          -2.6425831129319284,
          0.6103884367108433,
          -0.4361778257287551
        ],
        [
          -0.21543522839937407,
          0.6285921649395951,
          -0.28106902105633685
        ],
        [
          -0.2468203891935652,
          1.905344696160928,
          -0.07160768663173052
        ],
        [
          0.9400391690538001,
          -0.07892909254663413,
          -0.44016656660708325
        ],
        [
          2.2319206912946687,
          0.15035033694628822,
          -0.10328704883611105
        ],
        [
          2.6746497934178493,
          0.9874245000898222,
          0.7681665875629177
        ],
        [
          3.128126925985517,
          -0.6166182589484162,
          -0.7651963657931702
        ],
        [
          -0.6410730500828098,
          -2.081534592359643,
          -0.030653297965245116
        ],
        [
          -1.4765875219313238,
          -1.3047208234463392,
          1.3341628286787597
        ],
        [
          -2.391848187118877,
          -1.9407858670280878,
          -0.049351520792681555
        ],
        [
          -2.8832722798956514,
          1.0068547738800788,
          0.5561166189843881
        ],
        [
          -3.4598541183850258,
          -0.04593145962569083,
          -0.7544832333988606
        ],
        [
          -2.6042756091293158,
          1.4380244884843219,
          -1.1530287722443766
        ],
        [
          0.7127721708470977,
          2.2637137861021897,
          -0.11329250350312622
        ],
        [
          0.8314462288767323,
          -0.7925345176662468,
          -1.1448132430486015
        ],
        [
          1.8723544351714554,
          1.4375332239639713,
          1.224822075172083
        ],
        [
          4.056148456106654,
          -0.41201661624364333,
          -0.3993879196691445
        ],
        [
          2.9559443997613095,
          -1.6110325569537198,
          -0.6885511445629037
        ]
      ],
      "energy": -197.5237018171975
    }
  ],
  "bounding_sphere": {
    "center": [
      -3.840631516519958e-14,
      -2.414920115730486e-13,
      -0.04520097141581363
    ],
    "radius": 4.112612763058962
  },
  "bounding_volume": 291.36814311155354,
  "n_conformers": 3
}